run,random_seed,time_based_availability,production_based_availability
1,1,0.9611619782842054,0.9200773661251572
2,2,0.9610431323705972,0.9189577623534713
